Time_h,Blood_bound_NP,MPS_bound_NP,Plaque_bound_NP
0.0,1.0,0.0,0.0
0.1,0.9895563053574159,0.007952803205717902,0.0009929624806604273
0.2,0.9792226680596731,0.01581188545099358,0.0019719549158723065
0.30000000000000004,0.968997925435643,0.023578247668792324,0.0029371335557858277
0.4,0.9588809271074413,0.03125288020348973,0.0038886530112663626
0.5,0.9488705348604024,0.038836762922835014,0.0048266662708014675
0.6000000000000001,0.9389656225144296,0.046330865328729966,0.005751324717233655
0.7000000000000001,0.9291650757967063,0.053736146666836335,0.006662778144320712
0.8,0.9194677922157531,0.06105355603502396,0.007561174773125429
0.9,0.9098726809368187,0.06828403249067183,0.008446661268236413
1.0,0.9003786626585871,0.07542850515683432,0.00931938275382177
1.1,0.8909846694911904,0.08248789332728465,0.010179482829517432
1.2000000000000002,0.8816896448355113,0.08946310657044702,0.011027103586151736
1.3,0.8724925432637629,0.09635504483222995,0.011862385621308058
1.4000000000000001,0.8633923304013323,0.10316459853777184,0.012685468054727115
1.5,0.854387982809872,0.10989264869211018,0.013496488543550586
1.6,0.8454784878716308,0.11654006697978654,0.014295583297407759
1.7000000000000002,0.8366628436750062,0.12310771586339753,0.015082887093346757
1.8,0.8279400589013087,0.12959644868110393,0.015858533290611956
1.9000000000000001,0.8193091527127233,0.13600710974310834,0.016622653845269272
2.0,0.8107691546414565,0.14234053442711234,0.017375379324680754
2.1,0.802319104480056,0.14859754927276433,0.018116838921830188
2.2,0.7939580521728902,0.1547789720751082,0.018847160469501086
2.3000000000000003,0.7856850577087765,0.16088561197704376,0.019566470454308812
2.4000000000000004,0.7774991910147451,0.16691826956080957,0.020274894030588048
2.5,0.7693995318509252,0.1728777369384975,0.02097255503413743
2.6,0.7613851697065463,0.178764797841611,0.0216595759958226
2.7,0.7534552036970363,0.18458022770967522,0.02233607815503917
2.8000000000000003,0.7456087424622102,0.19032479377791048,0.02300218147303716
2.9000000000000004,0.7378449040655353,0.19599925516397876,0.023658004646108226
3.0,0.7301628158944613,0.20160436295381176,0.024303665118637095
3.1,0.7225616145618065,0.20714086028653275,0.024939279096018747
3.2,0.7150404458081847,0.21260948243847863,0.025564961557442603
3.3000000000000003,0.7075984644054671,0.21801095690633454,0.02618082626854501
3.4000000000000004,0.7002348340612623,0.22334600348938866,0.026786985793931697
3.5,0.6929487273244097,0.22861533437091758,0.027383551509571207
3.6,0.6857393254914705,0.23381965419871034,0.027970633615060844
3.7,0.6786058185142098,0.23895966016474154,0.028548341145766338
3.8000000000000003,0.6715474049080544,0.24403604208400062,0.029116781984836648
3.9000000000000004,0.6645632916615225,0.24904948247248948,0.029676062875095076
4.0,0.6576526941466091,0.2540006566243927,0.030226289430808104
4.1000000000000005,0.65081483603012,0.25889023268843425,0.030767566149332976
4.2,0.6440489491859446,0.26371887174342395,0.03129999642264558
4.3,0.6373542736082545,0.26848722787300777,0.03182368254874976
4.4,0.6307300573256229,0.27319594823962495,0.032338725742969046
4.5,0.6241755563160514,0.27784567315768494,0.03284522614912238
4.6000000000000005,0.6176900344228944,0.2824370361659692,0.0333432828505849
4.7,0.6112727632716752,0.28697066409926814,0.033832993881234785
4.800000000000001,0.6049230221877802,0.2914471771592603,0.03431445623628765
4.9,0.5986400981150249,0.2958671889846405,0.03478776588301933
5.0,0.5924232855350806,0.30023130672050974,0.03525301777137867
5.1000000000000005,0.5862718863877534,0.30454013108702677,0.03571030584449073
5.2,0.5801852099921077,0.3087942564473373,0.036159723049052385
5.300000000000001,0.5741625729684217,0.3129942708747836,0.036601361345620705
5.4,0.5682032991609713,0.3171407562194018,0.03703531171879568
5.5,0.5623067195616291,0.3212342881737193,0.037461664187298294
5.6000000000000005,0.5564721722342711,0.3252754363378528,0.0378805078139447
5.7,0.5506990022399851,0.32926476428391993,0.03829193071551809
5.800000000000001,0.5449865615630676,0.3332028296197697,0.038696020072538966
5.9,0.5393342090378062,0.33709018405203794,0.03909286213893493
6.0,0.5337413102760344,0.34092737344853635,0.03948254225161113
6.1000000000000005,0.5282072375954541,0.3447149378999829,0.0398651448399221
6.2,0.5227313699487153,0.34845341178107686,0.04024075343504652
6.300000000000001,0.5173130928532462,0.35214332381093066,0.04060945067926539
6.4,0.5119517983218272,0.35578519711286133,0.04097131833514485
6.5,0.5066468847938965,0.35937954927354904,0.04132643729462474
6.6000000000000005,0.5013977570675839,0.36292689240157155,0.04167488758801344
6.7,0.4962038262324642,0.3664277331853185,0.04201674839289062
6.800000000000001,0.4910645096030206,0.36988257295029386,0.04235209804291821
6.9,0.4859792306528129,0.3732919077158117,0.042681014036560876
7.0,0.48094741894934046,0.3766562282510928,0.043003573045716906
7.1000000000000005,0.4759685100895973,0.3799760201307691,0.043319850924260425
7.2,0.4710419456363054,0.3832517637897987,0.04362992271649568
7.300000000000001,0.46616717305482425,0.3864839345778027,0.04393386266552456
7.4,0.4613436456507283,0.3896730028128257,0.044231744221528084
7.5,0.4565708225080437,0.3928194338345284,0.044523640049962794
7.6000000000000005,0.45184816842813824,0.3959236880568183,0.04480962203967296
7.7,0.4471751538692592,0.39898622101992226,0.04508976131091928
7.800000000000001,0.4425512548867082,0.4020074834419102,0.04536412822332536
7.9,0.43797595307365167,0.4049879212696725,0.04563279238374218
8.0,0.4334487355025556,0.4079279757293593,0.04589582265403213
8.1,0.4289690946672404,0.4108280833762858,0.04615328715877278
8.200000000000001,0.42453652842554823,0.41368867614431026,0.04640525329288167
8.3,0.42015053994261786,0.4165101813946891,0.04665178772916267
8.4,0.41581063763475856,0.41929302196441676,0.04689295642577493
8.5,0.4115163351139177,0.4220376162140527,0.047128824633624916
8.6,0.4072671511327366,0.42474437807504384,0.04735945690368279
8.700000000000001,0.4030626095301859,0.42741371709654646,0.04758491709422328
8.8,0.398902239177779,0.4300460384917518,0.04780526837799252
8.9,0.39478557392635094,0.43264174318372384,0.048020573249300987
9.0,0.3907121525534015,0.43520122785075,0.04823089353104376
9.1,0.38668151871099854,0.43772488497121514,0.04843629038164877
9.200000000000001,0.3826932208742245,0.4402131028679975,0.04863682430195326
9.3,0.3787468122901789,0.44266626575239865,0.048832555142010105
9.4,0.3748418509275101,0.4450847537676062,0.049023542107824
9.5,0.37097789942648773,0.4474689430316989,0.049209843768018485
9.600000000000001,0.3671545250495999,0.4498192056801956,0.04939151806043444
9.700000000000001,0.3633712996326748,0.45213590990815494,0.049568622298661026
9.8,0.35962779953651747,0.45441942001182956,0.0497412131784993
9.9,0.3559236055990599,0.45667009642988093,0.049909346784359696
10.0,0.3522583030880164,0.458888295784156,0.05007307859559362
10.100000000000001,0.34863148165403934,0.46107437092003506,0.05023246349276013
10.200000000000001,0.3450427352843721,0.46322867094635195,0.05038755576382825
10.3,0.34149166225698957,0.46535154127489214,0.05053840911031571
10.4,0.33797786509522676,0.46744332365947355,0.05068507665336437
10.5,0.3345009505228842,0.46950435623461184,0.05082761093975352
10.600000000000001,0.33106052941981134,0.47153497355378227,0.050966063947851484
10.700000000000001,0.32765621677795764,0.47353550662727084,0.05110048709350581
10.8,0.32428763165788876,0.47550628295962855,0.05123093123587338
10.9,0.3209543971457637,0.4774476265867291,0.051357446683190304
11.0,0.31765614031076617,0.4793598581124346,0.05148008319848292
11.100000000000001,0.31439249216298637,0.48124329474487365,0.05159889000521982
11.200000000000001,0.3111630876117487,0.4830982503323352,0.051713915792906205
11.3,0.3079675654243792,0.484925035398784,0.051825208722620544
11.4,0.3048055681854107,0.4867239571789995,0.05193281643249445
11.5,0.30167674225621766,0.4884953196533441,0.05203678604313653
11.600000000000001,0.29858073773507976,0.4902394235821623,0.05213716416300024
11.700000000000001,0.2955172084176668,0.4919565665398182,0.052233996893696705
11.8,0.2924858117579421,0.49364704294837214,0.05232732983525346
11.9,0.2894862088294785,0.4953111441108994,0.052417208091318425
12.0,0.2865180642871842,0.49694915824446007,0.05250367627431111
12.100000000000001,0.28358104632943426,0.498561370512718,0.052586778510520654
12.200000000000001,0.28067482666060184,0.5001480630582152,0.05266655844515178
12.3,0.2777990804539844,0.5017095150343058,0.05274305924731857
12.4,0.2749534863151245,0.5032460026367505,0.052816323614987316
12.5,0.27213772624551735,0.5047577991349794,0.05288639377986864
12.600000000000001,0.2693514856067023,0.5062451749030232,0.05295331151225918
12.700000000000001,0.2665944530847342,0.5077083974501154,0.0530171181258338
12.8,0.26386632065502935,0.5091477314509759,0.05307785448238857
12.9,0.26116678354758693,0.5105634387757685,0.053135560996534985
13.0,0.2584955402125736,0.5119557785197448,0.05319027764034607
13.100000000000001,0.2558522922862748,0.5133250070325761,0.05324204394795489
13.200000000000001,0.2532367445574073,0.5146713779473716,0.05329089902010582
13.3,0.25064860493378316,0.5159951422093917,0.05333688152865885
13.4,0.24808758440933354,0.517296548104459,0.05338002972104831
13.5,0.24555339703147483,0.5185758412870655,0.053420381424695074
13.600000000000001,0.2430457598688227,0.5198332648081854,0.05345797405137406
13.700000000000001,0.24056439297924825,0.5210690591427938,0.05349284460153661
13.8,0.23810901937827134,0.5222834622170927,0.05352502966858879
13.9,0.23567936500778608,0.5234767094354498,0.05355456544312537
14.0,0.2332751587051224,0.5246490337070547,0.0535814877171209
14.100000000000001,0.230896132172429,0.5258006654722889,0.053605831888077216
14.200000000000001,0.22854201994638346,0.5269318327288207,0.053627632963128904
14.3,0.2262125593682225,0.5280427610574229,0.053646925563106344
14.4,0.2239074905540871,0.5291336736475173,0.053663743926557
14.5,0.2216265563656854,0.5302047913224504,0.053678121913725806
14.600000000000001,0.2193695023812614,0.5312563325644994,0.05369009301049434
14.700000000000001,0.21713607686687364,0.5322885135396159,0.05369969033227979
14.8,0.21492603074797556,0.5333015481219076,0.0537069466278938
14.9,0.2127391175812997,0.534295647917861,0.05371189428336193
15.0,0.2105750935270344,0.5352710222903077,0.053714565325703664
15.100000000000001,0.20843371732130045,0.5362278783821374,0.05371499142667367
15.200000000000001,0.20631475024891466,0.5371664211397609,0.05371320390646506
15.3,0.20421795611644067,0.5380868533363244,0.05370923373737407
15.4,0.2021431012255318,0.5389893755946785,0.053703111547427546
15.5,0.20008995434654597,0.5398741864101034,0.05369486762397314
15.600000000000001,0.19805828669244818,0.540741482172796,0.05368453191723254
15.700000000000001,0.19604787189298345,0.5415914571901181,0.053672134043818404
15.8,0.1940584859691269,0.5424243037086085,0.05365770329021521
15.9,0.1920899073077994,0.5432402119357631,0.05364126861622408
16.0,0.19014191663685664,0.5440393700615859,0.05362285865837277
16.1,0.18821429700033654,0.5448219642799115,0.05360250173329039
16.2,0.18630683373397405,0.5455881788094993,0.05358022584104732
16.3,0.18441931444097015,0.5463381959149096,0.05355605866846132
16.400000000000002,0.18255152896802018,0.5470721959271558,0.05353002759236942
16.5,0.18070326938159542,0.5477903572641389,0.053502159682866
16.6,0.1788743299444736,0.5484928564508671,0.05347248170650843
16.7,0.17706450709251897,0.549179868139458,0.053441020129488905
16.8,0.1752735994117096,0.5498515651289356,0.05340780112077445
16.900000000000002,0.17350140761540433,0.550508118384812,0.053372850555214166
17.0,0.17174773452185277,0.5511496970584663,0.05333619401661527
17.1,0.17001238503194016,0.5517764685063136,0.05329785680078649
17.2,0.16829516610717343,0.5523885983087787,0.05325786391855168
17.3,0.16659588674789227,0.5529862502890628,0.05321624009873109
17.400000000000002,0.16491435797171716,0.5535695865317138,0.053173009791093115
17.5,0.16325039279222187,0.5541387674010022,0.05312819716927519
17.6,0.161603806197833,0.5546939515590997,0.0530818261336748
17.7,0.15997441513095167,0.5552352959840676,0.05303392031431097
17.8,0.15836203846729713,0.5557629559876562,0.05298450307365647
17.900000000000002,0.15676649699546674,0.55627708523291,0.05293359750944043
18.0,0.15518761339671683,0.5567778357515963,0.05288122645742304
18.1,0.15362521222495085,0.557265357961441,0.05282741249414087
18.2,0.15207911988692335,0.5577398006831863,0.05277217793962478
18.3,0.1505491646226541,0.5582013111574685,0.0527155448600895
18.400000000000002,0.14903517648604592,0.5586500350615147,0.052657535070595805
18.5,0.14753698732571086,0.5590861165256664,0.05259817013768525
18.6,0.14605443076599556,0.5595096981497245,0.05253747138198793
18.7,0.1445873421882118,0.5599209210191248,0.05247545988080342
18.8,0.14313555871206118,0.5603199247209422,0.05241215647065554
18.900000000000002,0.14169891917725885,0.5607068473597221,0.052347581749820224
19.0,0.1402772641253519,0.561081825573151,0.0522817560808283
19.1,0.13887043578172686,0.5614449945475537,0.052214699592941866
19.200000000000003,0.13747827803781187,0.5617964880332335,0.052146432184605615
19.3,0.1361006364334646,0.5621364383596476,0.05207697352587306
19.400000000000002,0.13473735813954446,0.5624649764504177,0.052006343060807474
19.5,0.13338829194067403,0.5627822318381913,0.05193456000985862
19.6,0.13205328821817908,0.5630883326793383,0.051861643372214924
19.700000000000003,0.13073219893321053,0.5633834057684943,0.051787611928131354
19.8,0.12942487761004384,0.5636675765529519,0.051712484241233675
19.900000000000002,0.1281311793195563,0.5639409691468963,0.051636278660798854
20.0,0.1268509606628776,0.5642037063454955,0.05155901332401208
20.1,0.12558407975521468,0.5644559096388362,0.05148070615820066
20.200000000000003,0.12433039620984787,0.564697699225717,0.05140137488304512
20.3,0.12308977112229358,0.564929194027291,0.05132103701276731
20.400000000000002,0.12186206705463776,0.5651505117005703,0.051239709858296206
20.5,0.12064714802003462,0.565361768651782,0.051157410529411626
20.6,0.11944487946736537,0.565563080049585,0.051074155936865595
20.700000000000003,0.11825512826606499,0.5657545598381496,0.050989962794482195
20.8,0.11707776269110515,0.5659363207500948,0.05090484762123578
20.900000000000002,0.11591265240813864,0.5661084743192927,0.050818826743308
21.0,0.11475966845879826,0.5662711308935331,0.050731916296123246
21.1,0.11361868324615365,0.5664243996470597,0.050644132226363735
21.200000000000003,0.11248957052032094,0.5665683885929675,0.05055549029396363
21.3,0.11137220536422321,0.5667032045954763,0.05046600607408267
21.400000000000002,0.11026646417950525,0.5668289533820681,0.05037569495905969
21.5,0.10917222467259258,0.5669457395554987,0.050284572160345785
21.6,0.10808936584090212,0.567053666605685,0.05019265271041811
21.700000000000003,0.10701776795919449,0.5671528369214616,0.05009995146467326
21.8,0.10595731256607555,0.5672433518022169,0.050006483103302336
21.900000000000002,0.10490788245063698,0.5673253114694041,0.049912262133145355
22.0,0.10386936163923766,0.5673988150779329,0.04981730288952777
22.1,0.10284163538242941,0.5674639607274379,0.049721619538077674
22.200000000000003,0.10182459014201628,0.5675208454734306,0.049625226076524226
22.3,0.1008181135782511,0.56756956533833,0.04952813633647776
22.400000000000002,0.09982209453717239,0.5676102153223822,0.04943036398519166
22.5,0.09883642303806772,0.5676428894144587,0.04933192252730583
22.6,0.09786099026107609,0.5676676806027443,0.04923282530657273
22.700000000000003,0.09689568853491692,0.5676846808853105,0.04913308550756521
22.8,0.09594041132475295,0.5676939812805774,0.0490327161573673
22.900000000000002,0.09499505322017598,0.5676956718376657,0.04893173012724661
23.0,0.09405950992332612,0.5676898416466392,0.04883014013431139
23.1,0.0931336782371317,0.5676765788486351,0.04872795874314811
23.200000000000003,0.0922174560536757,0.5676559706458983,0.0486251983674447
23.3,0.09131074234268433,0.567628103311694,0.04852187127159514
23.400000000000002,0.09041343714013816,0.5675930622001264,0.04841798957228857
23.5,0.08952544153700426,0.567550931755855,0.04831356524008202
23.6,0.08864665766808477,0.567501795523698,0.048208610100956555
23.700000000000003,0.08777698870098649,0.5674457361581434,0.04810313583785777
23.8,0.08691633882520478,0.5673828354327566,0.04799715399222017
23.900000000000002,0.08606461324132575,0.567313174249488,0.047890675965476234
24.0,0.08522171815033874,0.5672368326478818,0.047783713020549706
24.1,0.08438756074306464,0.567153889814191,0.04767627628333341
24.200000000000003,0.0835620491896959,0.5670644240903897,0.0475683767441523
24.3,0.08274509262944585,0.5669685129830976,0.047460025259211086
24.400000000000002,0.08193660116030743,0.5668662331724036,0.04735123255202689
24.5,0.08113648582892308,0.5667576605206016,0.0472420092148478
24.6,0.08034465862055706,0.5666428700808297,0.04713236571005585
24.700000000000003,0.07956103244917734,0.5665219361056197,0.04702231237155649
24.8,0.07878552114764226,0.5663949320553582,0.046911859406153375
24.900000000000002,0.07801803945798946,0.5662619306066555,0.04680101689490878
25.0,0.07725850302182669,0.5661230036606251,0.04668979479449032
25.1,0.07650682837082734,0.5659782223510823,0.04657820293850386
25.200000000000003,0.07576293291732417,0.5658276570526465,0.04646625103881244
25.3,0.07502673494500356,0.5656713773887655,0.046353948686841735
25.400000000000002,0.07429815359969738,0.5655094522396549,0.04624130535487242
25.5,0.07357710888027114,0.5653419497501443,0.04612833039731841
25.6,0.07286352162961307,0.5651689373374548,0.04601503305199284
25.700000000000003,0.07215731352571175,0.5649904816988806,0.04590142244136045
25.8,0.0714584070728348,0.564806648819401,0.04578750757377725
25.900000000000002,0.07076672559279473,0.5646175039792034,0.04567329734471754
26.0,0.07008219321631282,0.5644231117611324,0.04555880053798792
26.1,0.06940473487446963,0.5642235360580552,0.04544402582692928
26.200000000000003,0.06873427629024964,0.564018840080155,0.0453289817756059
26.3,0.06807074397017054,0.5638090863621403,0.04521367683998286
26.400000000000002,0.06741406519600879,0.5635943367703885,0.04509811936909102
26.5,0.06676416801660279,0.563374652509999,0.04498231760617949
26.6,0.06612098123975096,0.5631500941317853,0.04486627968985731
26.700000000000003,0.06548443442419183,0.5629207215391897,0.044750013655222645
26.8,0.06485445787166955,0.5626865939951198,0.04463352743498039
26.900000000000002,0.06423098261908211,0.5624477701287165,0.04451682886054823
27.0,0.06361394043071511,0.5622043079420533,0.04439992566315187
27.1,0.06300326379055521,0.5619562648167598,0.044282825474907965
27.200000000000003,0.062398885894686895,0.5617036975205765,0.04416553582989691
27.3,0.06180074064376717,0.5614466622138422,0.0440480641652236
27.400000000000002,0.06120876263558239,0.5611852144559137,0.04393041782206833
27.5,0.06062288715768316,0.5609194092115121,0.043812604046725864
27.6,0.06004305018009504,0.5606493008570078,0.043694629991634315
27.700000000000003,0.059469188348108326,0.5603749431866366,0.043576502716393226
27.8,0.05890123897514532,0.5600963894186514,0.04345822918877144
27.900000000000002,0.05833914003569829,0.5598136922014062,0.04333981628570384
28.0,0.05778283015834873,0.5595269036193793,0.043221270794279114
28.1,0.057232248618853454,0.5592360751991292,0.04310259941271562
28.200000000000003,0.056687335333309385,0.5589412579151946,0.042983808751328734
28.3,0.05614803085138764,0.5586425021959182,0.04286490533348712
28.400000000000002,0.055614276349640335,0.5583398579292267,0.04274589559655985
28.5,0.05508601362487664,0.558033374468337,0.042626785892853396
28.6,0.05456318508761149,0.5577231006374037,0.042507582490538716
28.700000000000003,0.05404573375558119,0.5574090847371153,0.04238829157456957
28.8,0.05353360324732792,0.5570913745502178,0.042268919247590284
28.900000000000002,0.05302673777585498,0.5567700173469959,0.04214947153083521
29.0,0.05252508214234253,0.556445059890677,0.04202995436501757
29.1,0.052028581729938184,0.5561165484427987,0.0419103736112109
29.200000000000003,0.051537182497606415,0.5557845287685051,0.041790735051719735
29.3,0.05105083097404706,0.5554490461417926,0.041671044390942026
29.400000000000002,0.050569474251675905,0.5551101453506988,0.04155130725622275
29.5,0.05009305998066926,0.554767870702437,0.04143152919869826
29.6,0.049621536363073426,0.5544222660284799,0.041311715694132466
29.700000000000003,0.04915485214697324,0.5540733746895817,0.041191872143743744
29.8,0.04869295662072559,0.5537212395807555,0.041072003875023695
29.900000000000002,0.04823579960725055,0.5533659031361922,0.0409521161425476
30.0,0.04778333145838576,0.553007407334131,0.040832214128775676
30.1,0.04733550304929979,0.5526457937016774,0.04071230294484713
30.200000000000003,0.046892265772962016,0.5522811033195679,0.040592387631365086
30.3,0.04645357153467533,0.5519133768268896,0.04047247315917404
30.400000000000002,0.046019372746663456,0.5515426544257436,0.04035256443012866
30.5,0.04558962232271602,0.5511689758858668,0.040232666277855336
30.6,0.045164273672890665,0.5507923805491941,0.04011278346850488
30.700000000000003,0.04474328069827338,0.5504129073343875,0.03999292070149886
30.8,0.0443265977857874,0.5500305947412978,0.03987308261026632
30.900000000000002,0.043914179803061754,0.5496454808554035,0.039753273762975244
31.0,0.04350598209336825,0.5492576033521704,0.03963349866325258
31.1,0.0431019604705735,0.5488669995014053,0.03951376175090245
31.200000000000003,0.04270207121418473,0.5484737061715287,0.03939406740261191
31.3,0.04230627106442751,0.5480777598338215,0.03927441993265151
31.400000000000002,0.041914517217379786,0.5476791965666189,0.03915482359356844
31.5,0.041526767320157205,0.5472780520594642,0.03903528257687253
31.6,0.04114297946614932,0.5468743616172179,0.038915801013714606
31.700000000000003,0.04076311219030587,0.5464681601641184,0.0387963829755585
31.8,0.04038712446447427,0.5460594822478105,0.03867703247484571
31.900000000000002,0.04001497569278411,0.5456483620433193,0.03855775346565309
32.0,0.03964662570708244,0.5452348333569917,0.03843854984434397
32.1,0.03928203476241629,0.5448189296303891,0.038319425450212316
32.2,0.03892116353256338,0.5444006839441444,0.03820038406612029
32.300000000000004,0.038563973105609856,0.543980129021775,0.03808142941912914
32.4,0.03821042497957471,0.5435572972334568,0.03796256518112364
32.5,0.03786048105808065,0.5431322205997583,0.037843794969429835
32.6,0.037514103646070635,0.5427049307953351,0.037725122347426567
32.7,0.03717125544556984,0.542275459152585,0.03760655082515063
32.800000000000004,0.03683189955149228,0.5418438366652651,0.03748808385989544
32.9,0.03649599944749173,0.5414100939920707,0.03736972485680365
33.0,0.036163519001856055,0.5409742614601746,0.03725147716945361
33.1,0.035834422463446716,0.540536369068734,0.03713334410043968
33.2,0.03550867445767865,0.5400964464923531,0.03701532890194646
33.300000000000004,0.035186239982544276,0.539654523084514,0.03689743477631698
33.4,0.03486708440468002,0.5392106278809742,0.036779664876615395
33.5,0.03455117345547207,0.5387647896031172,0.03666202230718307
33.6,0.03423847322720619,0.5383170366612818,0.036544510124189716
33.7,0.033928950169255956,0.5378673971580444,0.03642713133617805
33.800000000000004,0.03362257108431268,0.5374158988914746,0.03630988890460334
33.9,0.033319303124654476,0.5369625693583522,0.03619278574436704
34.0,0.03301911378845478,0.5365074357573509,0.03607582472434472
34.1,0.03272197091613041,0.5360505249921886,0.03595900866790884
34.2,0.032427842686728055,0.5355918636747486,0.035842340353446134
34.300000000000004,0.03213669761434823,0.5351314781281575,0.03572582251486892
34.4,0.03184850454460795,0.5346693943898424,0.03560945784212187
34.5,0.0315632326511404,0.5342056382145474,0.035493248981683
34.6,0.031280851432131856,0.5337402350773234,0.035377198537059736
34.7,0.03100133070689452,0.533273210176482,0.03526130906927944
34.800000000000004,0.030724640612476734,0.5328045884365238,0.0351455830973752
34.9,0.03045075160030764,0.5323343945110279,0.03503002309886627
35.0,0.030179634432878598,0.5318626527855194,0.03491463151023364
35.1,0.029911260180458907,0.5313893873803004,0.034799410727390505
35.2,0.029645600217846336,0.5309146221532547,0.034684363106147996
35.300000000000004,0.02938262622115227,0.5304383807026196,0.034569490962675836
35.4,0.029122310164620687,0.5299606863697336,0.03445479657395835
35.5,0.028864624317480533,0.5294815622417482,0.03434028217824564
35.6,0.028609541240831867,0.5290010311543172,0.03422594997549988
35.7,0.028357033784564167,0.5285191156942532,0.03411180212783724
35.800000000000004,0.02810707508430855,0.5280358382021607,0.03399784075996507
35.9,0.02785963855842039,0.5275512207750366,0.03388406795961433
36.0,0.027614697904995107,0.5270652852688451,0.0337704857779676
36.1,0.027372227098915437,0.5265780533010672,0.033657096230082825
36.2,0.027132200388929176,0.5260895462532192,0.033543901295312206
36.300000000000004,0.026894592294758504,0.525599785273351,0.033430902917717026
36.4,0.02665937760423964,0.5251087912785105,0.03331810300647801
36.5,0.026426531370492706,0.5246165849571874,0.03320550343630137
36.6,0.02619602890912136,0.5241231867717292,0.033093106047820536
36.7,0.02596784579544229,0.5236286169607309,0.03298091264799387
36.800000000000004,0.025741957861743853,0.5231328955414026,0.0328689250104979
36.9,0.025518341194573878,0.5226360423119092,0.0327571448761168
37.0,0.025296972132055274,0.5221380768536822,0.032645573953127206
37.1,0.025077827261231762,0.5216390185337193,0.0325342139176798
37.2,0.024860883415439728,0.521138886506844,0.032423066414176166
37.300000000000004,0.024646117671709176,0.5206376997179527,0.0323121330556419
37.4,0.024433507348191313,0.5201354769042329,0.03220141542409598
37.5,0.02422303000161414,0.5196322365973598,0.03209091507091609
37.6,0.024014663424764146,0.519127997125669,0.03198063351720003
37.7,0.023808385643995063,0.5186227766163065,0.031870572254123486
37.800000000000004,0.02360417491676291,0.5181165929973561,0.031760732743293905
37.9,0.023402009729187087,0.5176094639999453,0.031651116417100764
38.0,0.023201868793636775,0.517101407160325,0.03154172467906191
38.1,0.023003731046343706,0.5165924398219325,0.031432558904166574
38.2,0.02280757564503975,0.5160825791374315,0.031323620439214585
38.300000000000004,0.022613381966618863,0.5155718420707259,0.031214910603151853
38.400000000000006,0.022421129604824678,0.5150602453989573,0.03110643068740258
38.5,0.02223079836796256,0.5145478057144846,0.03099818195619808
38.6,0.022042368276634392,0.5140345394268286,0.03089016564690143
38.7,0.021855819561499314,0.5135204627646136,0.030782382970329522
38.800000000000004,0.021671132661056823,0.5130055917774794,0.03067483511107143
38.900000000000006,0.02148828821945325,0.5124899423379691,0.030567523227802817
39.0,0.02130726708431279,0.5119735301434094,0.03046044845359825
39.1,0.02112805030458907,0.5114563707177573,0.030353611896238825
39.2,0.020950619128442136,0.5109384794134374,0.030247014638517644
39.300000000000004,0.02077495500113571,0.5104198714131558,0.03014065773854143
39.400000000000006,0.02060103956295784,0.5099005617316928,0.030034542230029212
39.5,0.020428854647163104,0.5093805652176835,0.029928669122607648
39.6,0.02025838227793675,0.5088598965553714,0.029823039402103475
39.7,0.02008960466838003,0.5083385702663471,0.029717654030832572
39.800000000000004,0.019922504218517254,0.5078166007112725,0.029612513947886242
39.900000000000006,0.019757063513323472,0.5072940020915787,0.02950762006941414
40.0,0.01959326532077353,0.5067707884511551,0.02940297328890459
40.1,0.019431092589911,0.5062469736780105,0.029298574477461405
40.2,0.01927052844893824,0.5057225715059277,0.0291944244840784
40.300000000000004,0.019111556203326333,0.5051975955160914,0.02909052413591034
40.400000000000006,0.018954159333944925,0.5046720591387035,0.028986874238541592
40.5,0.018798321495211535,0.5041459756545805,0.02888347557625128
40.6,0.018644026513261674,0.5036193581967363,0.028780328912276432
40.7,0.01849125838413625,0.5030922197519411,0.02867743498907138
40.800000000000004,0.018340001271990355,0.5025645731622732,0.028574794528565275
40.900000000000006,0.018190239507319295,0.5020364311266488,0.02847240823241633
41.0,0.018041957585203872,0.501507806202335,0.02837027678226335
41.1,0.017895140163574776,0.5009787108064512,0.028268400839974932
41.2,0.017749772061494536,0.5004491572174508,0.028166781047895613
41.300000000000004,0.017605838257457873,0.49991915757658795,0.028065418029089698
41.400000000000006,0.01746332388771052,0.4993887238893731,0.027964312387582322
41.5,0.017322214244584522,0.4988578680270028,0.027863464708597747
41.6,0.01718249477485285,0.49832660172778886,0.027762875558795752
41.7,0.01704415107809997,0.49779493659855895,0.027662545486504667
41.800000000000004,0.016907168905110265,0.4972628841160511,0.027562475021952474
41.900000000000006,0.016771534156273436,0.4967304556282896,0.02746266467749529
42.0,0.01663723288000672,0.4961976623559481,0.02736311494784341
42.1,0.01650425127119364,0.4956645153936969,0.027263826310284744
42.2,0.016372575669639393,0.49513102571153644,0.027164799224906146
42.300000000000004,0.01624219255854269,0.4945972041561181,0.027066034134812275
42.400000000000006,0.01611308856298332,0.4940630614520503,0.026967531466341895
42.5,0.015985250448426046,0.49352860820318795,0.026869291629282182
42.6,0.015858665119240316,0.4929938548939137,0.026771315017080542
42.7,0.01573331961723543,0.49245881189040136,0.026673602007054077
42.800000000000004,0.015609201120211169,0.49192348944186814,0.02657615296059707
42.900000000000006,0.015486296940523937,0.49138789768181135,0.02647896822338584
43.0,0.015364594523667875,0.49085204662923665,0.026382048125581852
43.1,0.015244081446871201,0.4903159461898683,0.026285392982032314
43.2,0.015124745417706765,0.48977960615734717,0.026189003092468573
43.300000000000004,0.015006574272718207,0.4892430362144223,0.026092878741702664
43.400000000000006,0.014889555976060002,0.48870624593412115,0.0259970201998216
43.5,0.014773678618151823,0.4881692447809137,0.025901427722379418
43.6,0.01465893041434745,0.48763204211186073,0.025806101550587223
43.7,0.01454529970361779,0.48709464717775297,0.02571104191150148
43.800000000000004,0.01443277494724702,0.4865570691242347,0.025616249018209643
43.900000000000006,0.014321344727543806,0.4860193169929202,0.025521723070014463
44.0,0.014210997746565106,0.48548139972249416,0.025427464252615984
44.1,0.014101722824853667,0.4849433261498011,0.02533347273829118
44.2,0.013993508900189099,0.48440510501092604,0.025239748686072552
44.300000000000004,0.013886345026352095,0.48386674494226106,0.025146292241923843
44.400000000000006,0.013780220371901537,0.4833282544815625,0.02505310353891457
44.5,0.013675124218964283,0.4827896420689925,0.024960182697392107
44.6,0.013571045962038812,0.4822509160481596,0.02486752982515235
44.7,0.013467975106810038,0.48171208466713505,0.024775145017608257
44.800000000000004,0.01336590126897762,0.48117315607947014,0.024683028357956563
44.900000000000006,0.01326481417309648,0.4806341383451944,0.024591179917342783
45.0,0.01316470365142922,0.4800950394318091,0.024499599755024467
45.1,0.013065559642811272,0.4795558672152672,0.02440828791853244
45.2,0.012967372191527297,0.47901662948094303,0.024317244443830453
45.300000000000004,0.01287013144619999,0.4784773339245928,0.02422646935547319
45.400000000000006,0.012773827658690562,0.4779379881533055,0.024135962666762226
45.5,0.012678451183010588,0.4773985996864405,0.024045724379900733
45.6,0.012583992474245511,0.47685917595656097,0.023955754486146
45.7,0.012490442087489426,0.47631972431035,0.023866052965960498
45.800000000000004,0.01239779067679144,0.47578025200952456,0.023776619789161593
45.900000000000006,0.012306028994112646,0.47524076623173533,0.0236874549150692
46.0,0.012215147888294496,0.47470127407145746,0.02359855829265186
46.1,0.01212513830403795,0.4741617825408725,0.02350992986067136
46.2,0.012035991280893105,0.4736222985707415,0.023421569547825795
46.300000000000004,0.011947697952260469,0.47308282901127163,0.023333477272891045
46.400000000000006,0.011860249544401342,0.4725433806329636,0.02324565294486031
46.5,0.01177363737545986,0.4720039601274628,0.02315809646308281
46.6,0.011687852854494814,0.471464574108395,0.02307080771740038
46.7,0.011602887480521733,0.4709252291121904,0.022983786588282724
46.800000000000004,0.011518732841565191,0.4703859315989074,0.022897032946961354
46.900000000000006,0.011435380613721225,0.4698466879530407,0.022810546655561842
47.0,0.011352822560229136,0.46930750448432124,0.022724327567234602
47.1,0.011271050530553862,0.46876838742851296,0.02263837552628445
47.2,0.011190056459477356,0.4682293429481957,0.022552690368298482
47.300000000000004,0.011109832366200013,0.46769037713354134,0.022467271920272636
47.400000000000006,0.011030370353451328,0.46715149600308364,0.022382120000736885
47.5,0.010951662606609994,0.46661270550447803,0.022297234419879016
47.6,0.010873701392833545,0.46607401151525457,0.022212614979667023
47.7,0.010796479060196715,0.46553541984356084,0.02212826147397012
47.800000000000004,0.010719988036839292,0.46499693622890054,0.022044173688678514
47.900000000000006,0.010644220830122796,0.4644585663428598,0.021960351401821634
48.0,0.010569170025796087,0.46392031578983034,0.02187679438368534
48.1,0.01049482828716983,0.463382190107723,0.021793502396927476
48.2,0.010421188354299678,0.462844194768672,0.021710475196692537
48.300000000000004,0.010348243043177935,0.4623063351797353,0.021627712530724676
48.400000000000006,0.010275985244933894,0.4617686166835841,0.021545214139479657
48.5,0.010204407925042696,0.46123104455918884,0.02146297975623563
48.6,0.010133504122542289,0.4606936240224942,0.021381009107202344
48.7,0.010063266949258833,0.4601563602270886,0.021299301911629456
48.800000000000004,0.009993689589040237,0.4596192582648671,0.021217857881913542
48.900000000000006,0.009924765296998041,0.45908232316668923,0.02113667672370391
49.0,0.009856487398756579,0.4585455599030223,0.021055758136007022
49.1,0.009788849289710962,0.4580089733845885,0.020975101811290045
49.2,0.009721844434292403,0.45747256846299716,0.0208947074355832
49.300000000000004,0.009655466365241063,0.4569363499313724,0.020814574688580546
49.400000000000006,0.00958970868288747,0.45640032252497764,0.020734703243740354
49.5,0.009524565054440427,0.4558644909218283,0.020655092768383697
49.6,0.009460029213283028,0.45532885974330023,0.02057574292379207
49.7,0.009396094958276542,0.4547934335547353,0.020496653365304422
49.800000000000004,0.009332756153070294,0.4542582168660327,0.020417823742412217
49.900000000000006,0.009270006725420386,0.45372321413224115,0.02033925369885413
50.0,0.009207840666514547,0.4531884297541425,0.020260942872709412
50.1,0.00914625203030455,0.45265386807882835,0.02018289089649011
50.2,0.009085234932845503,0.4521195334002701,0.020105097397232412
50.300000000000004,0.00902478355164236,0.4515854299598858,0.020027561996586795
50.400000000000006,0.00896489212500316,0.4510515619470999,0.019950284310907486
50.5,0.00890555495139883,0.45051793349989305,0.01987326395134017
50.6,0.008846766388830238,0.4499845487053524,0.019796500523909504
50.7,0.008788520854201868,0.44945141160021584,0.01971999362960547
50.800000000000004,0.00873081282270144,0.4489185261713994,0.01964374286446803
50.900000000000006,0.00867363682718711,0.44838589635653736,0.019567747819671865
51.0,0.00861698745758029,0.44785352604450007,0.019492008081609394
51.1,0.008560859360265422,0.44732141907591816,0.019416523231973126
51.2,0.008505247237495501,0.4467895792436914,0.019341292847837005
51.300000000000004,0.008450145846804667,0.4462580102935003,0.019266316501736852
51.400000000000006,0.008395550000426272,0.4457267159243091,0.01919159376174997
51.5,0.008341454564717512,0.4451956997888615,0.01911712419157345
51.6,0.008287854459589943,0.444664965494175,0.019042907350602295
51.7,0.00823474465794597,0.44413451660202563,0.018968942794005687
51.800000000000004,0.00818212018512169,0.4436043566294341,0.018895230072803325
51.900000000000006,0.008129976118334905,0.44307448904913865,0.018821768733940182
52.0,0.00807830758613968,0.4425449172900695,0.01874855832036084
52.1,0.008027109767886113,0.4420156447378148,0.01867559837108257
52.2,0.007976377893186141,0.4414866747350832,0.018602888421267998
52.300000000000004,0.007926107241384938,0.4409580105821618,0.018530428002296533
52.400000000000006,0.00787629314103758,0.44042965553736607,0.018458216641835255
52.5,0.007826930969391677,0.43990161281749,0.018386253863908738
52.6,0.007778016151875283,0.4393738855982488,0.018314539188968325
52.7,0.007729544161590152,0.4388464770147173,0.018243072133960387
52.800000000000004,0.00768151051881019,0.4383193901617593,0.018171852212393726
52.900000000000006,0.0076339107904856715,0.43779262809446373,0.018100878934406456
53.0,0.007586740589752273,0.43726619382856413,0.018030151806831922
53.1,0.007539995575445357,0.43674009034085964,0.017959670333263816
53.2,0.007493671451619674,0.4362143205696335,0.017889434014120707
53.300000000000004,0.007447763967073569,0.43568888741505984,0.017819442346709537
53.400000000000006,0.007402268914878874,0.43516379373961467,0.01774969482528868
53.5,0.007357182131915214,0.4346390423684754,0.017680190941129933
53.6,0.00731249949840942,0.434114636089921,0.017610930182580073
53.7,0.007268216937480054,0.4335905776557256,0.017541912035121513
53.800000000000004,0.0072243304146862135,0.43306686978155,0.01747313598143225
53.900000000000006,0.007180835937581686,0.4325435151473251,0.017404601501445276
54.0,0.0071377295552732005,0.43202051639763506,0.01733630807240683
54.1,0.007095007357983918,0.4314978761420961,0.017268255168934675
54.2,0.007052665476621175,0.4309755969557296,0.017200442263074916
54.300000000000004,0.0070107000823487415,0.4304536813793304,0.017132868824358723
54.400000000000006,0.006969107386163987,0.4299321319198365,0.017065534319858085
54.5,0.0069278836384788845,0.42941095105068655,0.016998438214240852
54.6,0.006887025128706195,0.42889014121218366,0.016931579969825444
54.7,0.006846528184849269,0.42836970481184566,0.016864959046634504
54.800000000000004,0.006806389173096804,0.42784964422475713,0.016798574902448182
54.900000000000006,0.006766604497421412,0.427329961793918,0.0167324269928567
55.0,0.0067271705991825545,0.42681065983058575,0.01666651477131213
55.1,0.006688083956733987,0.426291740614615,0.016600837689179897
55.2,0.0066493410850347705,0.4257732063947951,0.016535395195789285
55.300000000000004,0.006610938535264862,0.4252550593891815,0.016470186738483546
55.400000000000006,0.006572872894444502,0.42473730178542607,0.01640521176266932
55.5,0.006535140785057865,0.4242199357411036,0.016340469711865636
55.6,0.006497738864680258,0.4237029633840313,0.01627596002775189
55.7,0.006460663825609631,0.42318638681259024,0.016211682150215734
55.800000000000004,0.006423912394502022,0.42267020809604233,0.01614763551740017
55.900000000000006,0.006387481332010363,0.4221544292748374,0.016083819565749828
56.0,0.006351367432427604,0.42163905236092797,0.016020233730057194
56.1,0.006315567523333341,0.4211240793380708,0.015956877443507732
56.2,0.006280078465244338,0.42060951216213244,0.01589375013772487
56.300000000000004,0.006244897151268422,0.42009535276138704,0.015830851242814227
56.400000000000006,0.0062100205067625175,0.4195816030368128,0.0157681801874073
56.5,0.006175445488993708,0.4190682648623829,0.015705736398704616
56.6,0.006141169086804408,0.4185553400853618,0.015643519302518463
56.7,0.006107188320280732,0.418042830526584,0.015581528323314943
56.800000000000004,0.006073500240424453,0.4175307379807443,0.015519762884255578
56.900000000000006,0.006040101928828388,0.4170190642166751,0.015458222407238365
57.0,0.006006990497355437,0.4165078109776276,0.015396906312938472
57.1,0.005974163087820468,0.4159969799815413,0.015335814020847901
57.2,0.005941616871676343,0.41548657292132407,0.015274944949315694
57.300000000000004,0.005909349049702339,0.41497659146511356,0.015214298515586294
57.400000000000006,0.005877356851696729,0.41446703725654965,0.015153874135838616
57.5,0.005845637536171945,0.4139579119150343,0.015093671225223856
57.6,0.005814188390053297,0.4134492170359923,0.015033689197903167
57.7,0.005783006728380979,0.412940954191136,0.014973927467084962
57.800000000000004,0.005752089894014542,0.41243312492870926,0.01491438544506114
57.900000000000006,0.005721435257341484,0.41192573077375016,0.014855062543243723
58.0,0.00569104021598804,0.4114187732283362,0.01479595817220032
58.1,0.005660902194533619,0.4109122537718337,0.01473707174168957
58.2,0.005631018644227771,0.41040617386114014,0.014678402660695714
58.300000000000004,0.005601387042710534,0.40990053493092976,0.014619950337463307
58.400000000000006,0.0055720048937355745,0.40939533839389125,0.014561714179530911
58.5,0.0055428697268961125,0.4088905856409647,0.014503693593764657
58.6,0.005513979097353894,0.4083862780415751,0.014445887986391239
58.7,0.005485330585571181,0.4078824169438698,0.014388296763030835
58.800000000000004,0.005456921797045073,0.4073790036749418,0.01433091932872894
58.900000000000006,0.00542875036204516,0.40687603954106083,0.014273755087988484
59.0,0.005400813935353576,0.40637352582789665,0.014216803444800983
59.1,0.005373110196008039,0.4058714638007442,0.014160063802677734
59.2,0.00534563684704746,0.40536985470474096,0.014103535564680272
59.300000000000004,0.005318391615260092,0.40486869976508505,0.014047218133450463
59.400000000000006,0.005291372250934762,0.4043680001872522,0.013991110911240454
59.5,0.005264576527614322,0.40386775715720946,0.013935213299941934
59.6,0.005238002241851849,0.4033679718416246,0.013879524701115266
59.7,0.0052116472129694015,0.40286864538807565,0.013824044516017885
59.800000000000004,0.005185509282819401,0.402369778925258,0.013768772145632815
59.900000000000006,0.005159586315548327,0.4018713735631891,0.013713706990696226
60.0,0.005133876197363159,0.4013734303934094,0.013658848451725204
60.1,0.005108376836300036,0.4008759504891839,0.013604195929044667
60.2,0.00508308616199558,0.40037893490570237,0.013549748822814338
60.300000000000004,0.005058002125460297,0.3998823846802678,0.013495506533054815
60.400000000000006,0.005033122698854872,0.3993863008324995,0.013441468459673991
60.5,0.005008445875268332,0.39889068436451985,0.013387634002492505
60.6,0.004983969668498789,0.39839553626114477,0.01333400256126915
60.7,0.004959692112836534,0.39790085749007387,0.013280573535725976
60.800000000000004,0.00493561126284914,0.39740664900207195,0.013227346325572684
60.900000000000006,0.004911725193169279,0.3969129117311595,0.013174320330531387
61.0,0.004888031998284276,0.39641964659478757,0.013121494950360085
61.1,0.004864529792328282,0.39592685449402315,0.013068869584876762
61.2,0.004841216708876375,0.39543453631372444,0.013016443633982503
61.300000000000004,0.004818090900741133,0.394942692922721,0.012964216497684646
61.400000000000006,0.004795150539770728,0.39445132517398146,0.012912187576119227
61.5,0.004772393816650025,0.39396043390479274,0.012860356269573665
61.6,0.0047498189407030635,0.39347001993692854,0.01280872197850866
61.7,0.004727424139697957,0.3929800840768175,0.012757284103580045
61.800000000000004,0.004705207659653361,0.3924906271157114,0.012706042045660103
61.900000000000006,0.004683167764648796,0.3920016498298511,0.012654995205858912
62.0,0.004661302736633513,0.3915131529806282,0.012604142985545035
62.1,0.004639610875240785,0.39102513731475075,0.01255348478636623
62.2,0.00461809049760238,0.39053760356439937,0.0125030200102696
62.300000000000004,0.004596739938165473,0.3900505524473889,0.012452748059521662
62.400000000000006,0.004575557548511366,0.38956398466732484,0.012402668336727958
62.5,0.004554541697176122,0.3890779009137572,0.012352780244852585
62.6,0.0045336907694731995,0.38859230186233606,0.012303083187237194
62.7,0.004513003167317827,0.3881071881749624,0.012253576567619977
62.800000000000004,0.004492477309053268,0.3876225604999391,0.01220425979015415
62.900000000000006,0.004472111629278987,0.38713841947211963,0.012155132259426408
63.0,0.004451904578680473,0.3866547657130554,0.01210619338047475
63.1,0.004431854623861033,0.38617159983114213,0.012057442558806492
63.2,0.00441196024717523,0.38568892242176384,0.012008879200415712
63.300000000000004,0.004392219946564071,0.3852067340674327,0.011960502711800415
63.400000000000006,0.004372632235392053,0.3847250353379364,0.011912312499979679
63.5,0.0043531956422858085,0.3842438267904717,0.011864307972510367
63.6,0.004333908710974478,0.3837631089697873,0.01181648853750362
63.7,0.004314770000131756,0.38328288240831637,0.011768853603641102
63.800000000000004,0.004295778083219677,0.38280314762631656,0.011721402580191094
63.900000000000006,0.004276931548333897,0.382323905132,0.011674134877024138
64.0,0.0042582289980507846,0.3818451554216677,0.011627049904628702
64.10000000000001,0.004239669049275933,0.38136689897984094,0.011580147074126407
64.2,0.004221250333094444,0.38088913627939014,0.011533425797287096
64.3,0.0042029714946226465,0.3804118677816635,0.011486885486543693
64.4,0.004184831192861479,0.3799350939366147,0.011440525555006785
64.5,0.004166828100551342,0.37945881518292746,0.011394345416479029
64.60000000000001,0.0041489609040284885,0.37898303194813987,0.011348344485469236
64.7,0.0041312283030830186,0.3785077446487705,0.01130252217720643
64.8,0.004113629010818206,0.3780329536904355,0.011256877907653428
64.9,0.0040961617535114556,0.37755865946797207,0.011211411093520425
65.0,0.004078825270476638,0.37708486236555766,0.011166121152278281
65.10000000000001,0.004061618313927875,0.37661156275682633,0.011121007502171501
65.2,0.004044539648844879,0.3761387610049875,0.011076069562231287
65.3,0.004027588052839446,0.37566645746293953,0.011031306752287962
65.4,0.004010762316023656,0.37519465247338507,0.010986718492983608
65.5,0.003994061240879288,0.37472334636894455,0.010942304205784247
65.60000000000001,0.003977483642128616,0.37425253947226705,0.010898063312991904
65.7,0.003961028346606615,0.3737822320961416,0.010853995237756441
65.8,0.003944694193134479,0.37331242454360664,0.010810099404087292
65.9,0.00392848003239447,0.37284311710805784,0.01076637523686478
66.0,0.003912384726806135,0.3723743100733568,0.01072282216185158
66.10000000000001,0.0038964071504037456,0.37190600371393606,0.010679439605703674
66.2,0.0038805461887150743,0.37143819829490454,0.010636226995981341
66.3,0.0038648007386414317,0.3709708940721507,0.01059318376115977
66.4,0.00384916970833896,0.37050409129244655,0.01055030933063966
66.5,0.003833652017101226,0.37003779019354766,0.010507603134757603
66.60000000000001,0.0038182465952429777,0.36957199100429655,0.010465064604796227
66.7,0.00380295238398517,0.3691066939447203,0.010422693172994178
66.8,0.0037877683353411446,0.36864189922612856,0.010380488272555954
66.9,0.0037726934120040924,0.3681776070512126,0.010338449337661568
67.0,0.003757726587235632,0.36771381761414146,0.010296575803476067
67.10000000000001,0.0037428668447556097,0.36725053110065753,0.01025486710615878
67.2,0.003728113178632969,0.366787747688169,0.010213322682872516
67.3,0.003713464593177898,0.3663254675458472,0.010171941971792513
67.4,0.0036989201028349915,0.3658636908347155,0.0101307244121153
67.5,0.0036844787320776265,0.3654024177077432,0.010089669444067358
67.60000000000001,0.0036701395153033558,0.36494164830993403,0.01004877650891351
67.7,0.0036559014967305257,0.3644813827784183,0.010008045048965493
67.8,0.0036417637302958504,0.3640216212425391,0.009967474507589938
67.9,0.003627725279553125,0.3635623638239415,0.009927064329216476
68.0,0.0036137852175730646,0.36310361063665914,0.009886813959345684
68.10000000000001,0.003599942626844033,0.36264536178719914,0.009846722844556679
68.2,0.0035861965991740036,0.3621876173746287,0.009806790432514914
68.3,0.0035725462355934243,0.3617303774906589,0.009767016171979446
68.4,0.0035589906462591137,0.36127364221972597,0.009727399512810242
68.5,0.003545528950359259,0.36081741163907605,0.009687939905975466
68.60000000000001,0.003532160276019274,0.3603616858188454,0.009648636803558317
68.7,0.0035188837602087874,0.35990646482214134,0.009609489658764061
68.8,0.0035056985486495067,0.3594517487051224,0.009570497925926676
68.9,0.0034926037957240755,0.3589975375170758,0.009531661060515426
69.0,0.0034795986643859347,0.3585438313004975,0.0094929785191414
69.10000000000001,0.0034666823260700625,0.3580906300911681,0.009454449759563806
69.2,0.0034538539606047127,0.3576379339182304,0.009416074240696168
69.3,0.0034411127561240163,0.3571857428042631,0.009377851422612403
69.4,0.003428457908981557,0.3567340567653578,0.009339780766552702
69.5,0.003415888623664871,0.35628287581119295,0.009301861734929476
69.60000000000001,0.0034034041127107453,0.3558321999451052,0.009264093791332903
69.7,0.003391003596621504,0.3553820291641632,0.009226476400536582
69.8,0.0033786863037821523,0.3549323634592404,0.009189009028502913
69.9,0.003366451470378344,0.3544832028150836,0.009151691142388453
70.0,0.0033542983403152845,0.3540345472103861,0.00911452221054911
70.10000000000001,0.003342226165137405,0.35358639661785346,0.009077501702545182
70.2,0.0033302342039489914,0.35313875100427766,0.009040629089146462
70.3,0.003318321723335457,0.35269161033059815,0.009003903842336824
70.4,0.003306487997285729,0.3522449745519773,0.00896732543531926
70.5,0.0032947323071151114,0.351798843617859,0.00893089334252025
70.60000000000001,0.0032830539413892437,0.3513532174720398,0.008894607039594434
70.7,0.0032714521958487367,0.3509080960527338,0.008858466003428947
70.8,0.0032599263733345553,0.3504634792926349,0.0088224697121477
70.9,0.003248475783714281,0.350019367118982,0.008786617645115609
71.0,0.00323709974380908,0.3495757594536226,0.008750909282942629
71.10000000000001,0.003225797577321489,0.3491326562130741,0.00871534410748773
71.2,0.0032145686147639265,0.34869005730858743,0.00867992160186281
71.3,0.003203412193387922,0.3482479626462059,0.008644641250436388
71.4,0.0031923276571142064,0.34780637212682847,0.008609502538837369
71.5,0.003181314356463391,0.34736528564626773,0.008574504953958527
71.60000000000001,0.0031703716484874577,0.3469247030953095,0.008539647983959954
71.7,0.003159498896701985,0.346484624359773,0.008504931118272564
71.8,0.003148695471018988,0.34604504932056646,0.008470353847601168
71.9,0.0031379607476806,0.3456059778537467,0.008435915663927861
72.0,0.0031272941091933255,0.3451674098305749,0.008401616060514934